module,skill,display-name,menu-code,description,action,args,phase,preceded-by,followed-by,required,output-location,outputs
Dionysus Pour Studio,_meta,,,,,,,,,false,,
Dionysus Pour Studio,dps-setup,Set Up the Studio,SU,"Register the module, create the studio folder and its Python environment, and check the library.",configure,{-H: headless mode}|{inline values: skip prompts with provided values},anytime,,dps-author-pour:pour,false,dps_pours_folder,_studio/ folder and config
Dionysus Pour Studio,dps-agent-psychologist,Persona Read (Wren),PR,"Wren reads one personality: what they fear, what they hide, the line that would make them feel seen.",persona-read,{pairing},anytime,,,false,,persona card
Dionysus Pour Studio,dps-agent-psychologist,Write a Reading (Wren),WR,"Wren writes a pour's reading: epigraph, whoYouAre and the yours paragraphs.",write-reading,{pairing},anytime,dps-agent-psychologist:persona-read,dps-agent-psychologist:resonance-test,false,dps_pours_folder,reading draft
Dionysus Pour Studio,dps-agent-psychologist,Resonance Test (Wren),RT,"Wren tests a reading cold, as the guest and as a sceptic: does it land, or is it a horoscope?",resonance-test,{pairing},anytime,dps-agent-psychologist:write-reading,,false,dps_pours_folder,resonance verdict
Dionysus Pour Studio,dps-agent-psychologist,Learn From Robin's Edits (Wren),LE,"Wren turns Robin's review-desk edits into lessons for the next pours.",learn-from-edits,,anytime,dps-review-desk:sync,,false,,voice ledger
Dionysus Pour Studio,dps-agent-historian,Mirror Hunt (Hester),MH,"Hester finds 1-2 true drink stories that mirror a personality.",mirror-hunt,{pairing},anytime,dps-agent-psychologist:persona-read,,false,,candidate stories
Dionysus Pour Studio,dps-agent-historian,Fact Card (Hester),FC,"Hester writes a sourced fact card on a drink, ingredient or technique, reusable across pours.",fact-card,{topic},anytime,,,false,dps_pours_folder,_studio/fact-cards/<topic>.md
Dionysus Pour Studio,dps-agent-historian,Draft Anchors (Hester),AN,"Hester drafts a pour's anchors: each sourced fact with its meaning for the guest.",draft-anchors,{pairing},anytime,dps-agent-historian:mirror-hunt,,false,dps_pours_folder,anchors table
Dionysus Pour Studio,dps-agent-historian,Fact Audit (Hester),FA,"Hester audits a reading sentence by sentence against the sources.",audit-reading,{pairing},anytime,dps-agent-psychologist:write-reading,,false,dps_pours_folder,fact audit
Dionysus Pour Studio,dps-agent-mixologist,Design a Drink (Tomás),DD,"Tomás designs the cocktail and writes its spec.",design-drink,{pairing},anytime,dps-agent-historian:mirror-hunt,dps-agent-mixologist:run-checks,false,dps_pours_folder,_studio/specs/<pairing>.json
Dionysus Pour Studio,dps-agent-mixologist,Run the Four Checks (Tomás),CK,"Tomás checks structure, balance, pairings and allergens, for any spec including your own.",run-checks,{pairing or spec},anytime,dps-agent-mixologist:design-drink,,false,,checks table
Dionysus Pour Studio,dps-agent-mixologist,Write the Ritual (Tomás),RI,"Tomás writes the method, recipe notes and closing line in plain words.",write-ritual,{pairing},anytime,dps-agent-mixologist:run-checks,,false,dps_pours_folder,method and closing line
Dionysus Pour Studio,dps-agent-mixologist,Image Brief (Tomás),IB,"Tomás describes the finished drink for its image (SCENE block).",image-brief,{pairing},anytime,dps-agent-mixologist:design-drink,,false,dps_pours_folder,image brief
Dionysus Pour Studio,dps-author-pour,Author a Pour,AP,"Run the room: Wren, Hester and Tomás talk until they agree and author one pour.",pour,{pairing},anytime,dps-setup:configure,dps-review-desk:export,false,dps_pours_folder,<pairing>.md + _studio/rooms/<pairing>.md
Dionysus Pour Studio,dps-author-pour,Author a Batch,AB,"Author every unauthored pairing for one primary archetype, a fresh room per pour.",batch,{-H: headless mode}|{primary archetype},anytime,dps-setup:configure,dps-review-desk:export,false,dps_pours_folder,pours + batch summary
Dionysus Pour Studio,dps-author-pour,Rework a Pour,RW,"Reopen the room on a pour with Robin's notes as its first constraint.",rework,{pairing},anytime,dps-review-desk:sync,dps-review-desk:export,false,dps_pours_folder,revised pour + what changed
Dionysus Pour Studio,dps-author-pour,Resume the Studio,RS,"Continue an interrupted batch, an open room or a queued rework.",resume,,anytime,,,false,dps_pours_folder,pours
Dionysus Pour Studio,dps-review-desk,Export for Review,RX,"Write the pours, their personalities and the rule candidates to Robin's review workbook.",export,{-H: headless mode}|{--batch primary},anytime,dps-author-pour:pour,dps-review-desk:sync,false,dps_pours_folder,_studio/review.xlsx
Dionysus Pour Studio,dps-review-desk,Sync the Review Desk,SY,"Bring Robin's edits, notes, approvals and rule decisions back into the studio.",sync,{-H: headless mode},anytime,dps-review-desk:export,dps-author-pour:rework,false,dps_pours_folder,updated pours + room records
Dionysus Pour Studio,dps-review-desk,Approve a Pour,AV,"Approve a pour in chat, on Robin's word.",approve,{pairing},anytime,,,false,dps_pours_folder,status: approved
